{"cameraMode":{"drawMode":0,"name":"Shaded","section":"Shading Mode"},"sceneLighting":false,"audioPlay":false,"sceneViewState":{"m_AlwaysRefresh":false,"showFog":true,"showSkybox":false,"showFlares":true,"showImageEffects":true,"showParticleSystems":true,"showVisualEffectGraphs":true,"m_FxEnabled":true},"in2DMode":false,"pivot":{"x":0.007899880409240723,"y":0.9402084350585938,"z":0.3051612377166748},"rotation":{"x":0.14458462595939637,"y":0.8171626329421997,"z":-0.23304221034049989,"w":0.5069865584373474},"size":1.2247449159622193,"orthographic":false}